<?xml version="1.0" encoding="UTF-8"?>
<ExtensionManifest Version="6.0" ExtensionBundleId="com.eniac.FlexLink" ExtensionBundleVersion="1.0" ExtensionBundleName="Flex Link" xmlns:xsi="http://www.w3.org/2001/XMLSchema-instance">
	<ExtensionList>
		<Extension Id="com.eniac.FlexLink" Version="1.0.0" />
	</ExtensionList>
	<ExecutionEnvironment>
		<HostList>
			<Host Name="PHSP" Version="[18.0,99.9]" />
			<Host Name="IDSN" Version="[12.0,99.9]" />
			<Host Name="AICY" Version="[12.0,99.9]" />
			<Host Name="ILST" Version="[21.0,99.9]" />
			<Host Name="PPRO" Version="[11.0,99.9]" />
			<Host Name="PRLD" Version="[6.0,99.9]" />
			<Host Name="AEFT" Version="[14.0,99.9]" />
			<Host Name="FLPR" Version="[16.0,99.9]" />
			<Host Name="AUDT" Version="[10.0,99.9]" />
			<Host Name="DRWV" Version="[17.0,99.9]" />
			<Host Name="PHXS" Version="[14.0,99.9]"/>
		</HostList>
		<LocaleList>
			<Locale Code="All" />
		</LocaleList>
		<RequiredRuntimeList>
			<RequiredRuntime Name="CSXS" Version="6.0" />
		</RequiredRuntimeList>
	</ExecutionEnvironment>

	<DispatchInfoList>
		<Extension Id="com.eniac.FlexLink">
			<DispatchInfo >
				<Resources>
					<MainPath>./index.html</MainPath>
					<ScriptPath>./main.jsx</ScriptPath>
					<CEFCommandLine>
						<Parameter>--allow-file-access</Parameter>
						<Parameter>--allow-file-access-from-files</Parameter>
						<Parameter>--enable-nodejs</Parameter>
						<Parameter>--mixed-context</Parameter>
						<Parameter>--allow-insecure-localhost</Parameter>
					</CEFCommandLine>
				</Resources>
				<Lifecycle>
					<AutoVisible>false</AutoVisible>
					<StartOn>
						<!-- PPro dispatches this event on startup -->
						<Event>com.adobe.csxs.events.ApplicationActivate</Event>
                    </StartOn>
				</Lifecycle>
				<UI>
					<Type>Custom</Type>
					<Menu>Flex Link</Menu>
					<Geometry>
						<Size>
							<Height>300</Height>
							<Width>300</Width>
						</Size>
					</Geometry>
				</UI>
			</DispatchInfo>
		</Extension>
	</DispatchInfoList>
</ExtensionManifest>
